Evidence ID,Evidence title,Owning work package(s),Evidence source,Repository or external location,Responsible owner,Verification method,Verification status,Verification date,Production certification impact
GPE-0001,A-01 production topology certification evidence manifest,GPC-0001A-01,genesis/audits/GPC-0001/work-packages/GPC-0001A-01/07-Evidence.json,repository,@genesis-runtime,Manifest and citation review,Verified,2026-07-29,Anchors deployment topology and owner map
GPE-0002,A-02 backup and DR certification evidence manifest,GPC-0001A-02,genesis/audits/GPC-0001/work-packages/GPC-0001A-02/07-Evidence.json,repository,@genesis-runtime,Manifest and citation review,Verified,2026-07-29,Anchors restore and DR strategy baseline
GPE-0003,A-03 monitoring and incident certification evidence manifest,GPC-0001A-03,genesis/audits/GPC-0001/work-packages/GPC-0001A-03/07-Evidence.json,repository,@genesis-runtime,Manifest and citation review,Verified,2026-07-29,Anchors monitoring and incident baseline
GPE-0004,Release lifecycle and gate policy,GPC-0001A-01;GPC-0001A-04,genesis/constitution/gpm-0001/Genesis-Release-Train.md,repository,@genesis-engineering-lead,Governance document review,Verified,2026-07-29,Defines approval and production release gates
GPE-0005,Atlas certification guardrail pipeline,GPC-0001A-01;GPC-0001A-04,.github/workflows/atlas-guardrails.yml,repository,@genesis-build,Workflow review,Verified,2026-07-29,Defines required CI certification gate before release
GPE-0006,Runtime build and start command evidence,GPC-0001A-01;GPC-0001A-04,package.json scripts build/start/atlas:certify,repository,@genesis-runtime,Script path review,Verified,2026-07-29,Defines deployment execution path
GPE-0007,A-01 deployment runbook baseline,GPC-0001A-01;GPC-0001A-04,genesis/audits/GPC-0001/work-packages/GPC-0001A-01/03-Deployment-Runbook.md,repository,@genesis-runtime,Runbook traceability review,Verified,2026-07-29,Provides release deployment and rollback entry baseline
GPE-0008,A-01 production verification checklist baseline,GPC-0001A-01;GPC-0001A-04,genesis/audits/GPC-0001/work-packages/GPC-0001A-01/05-Production-Verification-Checklist.md,repository,@genesis-runtime,Checklist completeness review,Verified,2026-07-29,Provides deployment acceptance criteria baseline
GPE-0009,A-02 restore runbook baseline,GPC-0001A-02;GPC-0001A-04,genesis/audits/GPC-0001/work-packages/GPC-0001A-02/02-Restore-Runbook.md,repository,@genesis-runtime,Restore procedure review,Verified,2026-07-29,Defines DB/application recovery procedure for release failures
GPE-0010,A-02 disaster recovery plan baseline,GPC-0001A-02;GPC-0001A-04,genesis/audits/GPC-0001/work-packages/GPC-0001A-02/03-Disaster-Recovery-Plan.md,repository,@genesis-engineering-lead,DR role and sequence review,Verified,2026-07-29,Defines recovery roles and verification path
GPE-0011,A-03 incident response runbook baseline,GPC-0001A-03;GPC-0001A-04,genesis/audits/GPC-0001/work-packages/GPC-0001A-03/03-Incident-Response-Runbook.md,repository,@genesis-runtime,Incident workflow review,Verified,2026-07-29,Defines response and postmortem process baseline
GPE-0012,GLW job retry endpoint evidence,GPC-0001A-01;GPC-0001A-04,src/app/api/glw/jobs/[id]/retry/route.ts,repository,@genesis-runtime,Route and handler trace review,Verified,2026-07-29,Supports application-level retry/rollback path
GPE-0013,GLW callback retry endpoint evidence,GPC-0001A-01;GPC-0001A-04,src/app/api/glw/jobs/callback/retry/route.ts,repository,@genesis-runtime,Route and handler trace review,Verified,2026-07-29,Supports callback recovery path
GPE-0014,GOP dead-letter retry endpoint evidence,GPC-0001A-01;GPC-0001A-04,src/app/api/gop/dead-letters/[id]/retry/route.ts,repository,@genesis-runtime,Route and handler trace review,Verified,2026-07-29,Supports queue failure recovery path
GPE-0015,Publication rollback endpoint evidence,GPC-0001A-01;GPC-0001A-04,src/app/api/gmp/publishing/publications/[publicationId]/rollback/route.ts,repository,@genesis-runtime,Route review,Verified,2026-07-29,Documents existing rollback surface in platform codebase
GPE-0016,GLW retry guard behavior evidence,GPC-0001A-04,src/lib/glw/page-generation-api.ts,repository,@genesis-runtime,Handler logic review,Verified,2026-07-29,Ensures retry/rollback path is constrained to failed jobs
GPE-0017,Persistence dependency fail-fast evidence,GPC-0001A-01;GPC-0001A-02;GPC-0001A-04,src/lib/glw/prisma.ts and src/platform/gop/runtime/prisma.ts,repository,@genesis-runtime,Dependency error-path review,Verified,2026-07-29,Supports release recovery DB dependency verification
GPE-0018,Workspace feature-flag capability evidence,GPC-0001A-04,src/platform/gop/workspaces/identity.ts and src/lib/gop/platform-bootstrap-api.ts,repository,@genesis-runtime,Capability model review,Verified,2026-07-29,Documents feature-flag applicability boundary
GPE-0019,External deployment platform rollback runbook,GPC-0001A-04,Cloud deployment platform controls,external,@genesis-runtime,Obtain platform rollback SOP and execution record,Pending,,Cannot unconditionally certify deployment rollback execution evidence
GPE-0020,External database rollback or forward-recovery execution logs,GPC-0001A-02;GPC-0001A-04,Managed DB platform restore and PITR records,external,@genesis-runtime,Collect restore logs and recovery validation outputs,Pending,,Cannot unconditionally certify database recovery path
GPE-0021,External configuration rollback controls,GPC-0001A-04,Configuration and secrets platform controls,external,@genesis-security,Collect version history and rollback authorization records,Pending,,Cannot unconditionally certify configuration rollback control
GPE-0022,External DNS SSL reverse-proxy rollback controls,GPC-0001A-01;GPC-0001A-02;GPC-0001A-04,Edge platform and certificate management records,external,@genesis-security,Collect edge rollback and certificate recovery records,Pending,,Cannot unconditionally certify edge rollback path
GPE-0023,External compute and infrastructure partial-deployment recovery controls,GPC-0001A-01;GPC-0001A-04,Cloud infrastructure deployment logs and instance rollout records,external,@genesis-runtime,Collect rollout and rollback event logs,Pending,,Cannot unconditionally certify partial deployment recovery execution
GPE-0024,External release communication records,GPC-0001A-04,Incident and release communication channels,external,@genesis-engineering-lead,Collect release notices and recovery updates archive,Pending,,Cannot unconditionally certify communication execution trail
GPE-0025,External release audit trail records,GPC-0001A-04,Release management system and change ticket records,external,@genesis-build,Collect release ticket and approval chain,Pending,,Cannot unconditionally certify release traceability outside repository
GPE-0026,External post-release smoke-test execution evidence,GPC-0001A-04,Production smoke-test platform/report records,external,@genesis-runtime,Collect run logs and pass/fail outcomes,Pending,,Cannot unconditionally certify operational smoke-test execution
GPE-0027,External feature-flag operational rollback evidence if dynamic flags are used,GPC-0001A-04,Feature-flag management platform records,external,@genesis-runtime,Collect flag change history and rollback events,Missing,,Feature-flag rollback cannot be certified for dynamic platform without evidence
GPE-0028,External release approval sign-off records,GPC-0001A-04,Release management approvals and risk acceptance records,external,@genesis-engineering-lead,Collect signed approvals and risk acceptance log,Pending,,Cannot unconditionally certify release-governance execution evidence
GPE-0029,External monitoring verification evidence carried from A-03,GPC-0001A-03;GPC-0001A-04,Monitoring dashboards and alert routing platform records,external,@genesis-runtime,Collect dashboard exports and alert route test results,Pending,,Cannot unconditionally certify monitoring-backed release acceptance
GPE-0030,External incident-management and postmortem system records,GPC-0001A-03;GPC-0001A-04,Incident management tooling and PIR records,external,@genesis-engineering-lead,Collect incident timelines and PIR completion artifacts,Pending,,Cannot unconditionally certify post-release closure process execution
GPE-0031,A-04 release management process artifact,GPC-0001A-04,genesis/audits/GPC-0001/work-packages/GPC-0001A-04/01-Release-Management-Process.md,repository,@genesis-docs,Artifact content review,Verified,2026-07-29,Defines release governance and ownership for rollback certification
GPE-0032,A-04 rollback runbook artifact,GPC-0001A-04,genesis/audits/GPC-0001/work-packages/GPC-0001A-04/02-Rollback-Runbook.md,repository,@genesis-runtime,Artifact content review,Verified,2026-07-29,Defines executable rollback and forward-recovery process
GPE-0033,A-04 release recovery plan artifact,GPC-0001A-04,genesis/audits/GPC-0001/work-packages/GPC-0001A-04/03-Release-Recovery-Plan.md,repository,@genesis-runtime,Artifact content review,Verified,2026-07-29,Defines failed and partial deployment recovery process
GPE-0034,A-04 release validation checklist artifact,GPC-0001A-04,genesis/audits/GPC-0001/work-packages/GPC-0001A-04/04-Release-Validation-Checklist.md,repository,@genesis-build,Artifact content review,Verified,2026-07-29,Defines release acceptance and verification controls
GPE-0035,A-04 rollback decision matrix artifact,GPC-0001A-04,genesis/audits/GPC-0001/work-packages/GPC-0001A-04/05-Rollback-Decision-Matrix.md,repository,@genesis-engineering-lead,Artifact content review,Verified,2026-07-29,Defines deterministic rollback authorization and paths
GPE-0036,Master production evidence register artifact,GPC-0001A-04,genesis/audits/GPC-0001/work-packages/GPC-0001A-04/06-Production-Evidence-Register.csv,repository,@genesis-docs,Schema and consistency validation,Verified,2026-07-29,Provides authoritative cross-package certification evidence inventory
GPE-0037,A-04 evidence manifest artifact,GPC-0001A-04,genesis/audits/GPC-0001/work-packages/GPC-0001A-04/07-Evidence.json,repository,@genesis-docs,Manifest and citation review,Verified,2026-07-29,Provides traceable A-04 certification decision evidence
GPE-0038,A-05 performance strategy artifact,GPC-0001A-05,genesis/audits/GPC-0001/work-packages/GPC-0001A-05/01-Performance-Strategy.md,repository,@genesis-runtime,Artifact content review,Verified,2026-07-29,Defines service-level performance objective model from current operational signals
GPE-0039,A-05 capacity planning artifact,GPC-0001A-05,genesis/audits/GPC-0001/work-packages/GPC-0001A-05/02-Capacity-Planning.md,repository,@genesis-runtime,Artifact content review,Verified,2026-07-29,Defines current capacity assumptions and planning method
GPE-0040,A-05 load and stress test plan artifact,GPC-0001A-05,genesis/audits/GPC-0001/work-packages/GPC-0001A-05/03-Load-and-Stress-Test-Plan.md,repository,@genesis-runtime,Artifact content review,Verified,2026-07-29,Defines load stress and soak certification approach
GPE-0041,A-05 performance acceptance criteria artifact,GPC-0001A-05,genesis/audits/GPC-0001/work-packages/GPC-0001A-05/04-Performance-Acceptance-Criteria.md,repository,@genesis-build,Artifact content review,Verified,2026-07-29,Defines acceptance criteria and explicit deferrals
GPE-0042,A-05 scalability assessment artifact,GPC-0001A-05,genesis/audits/GPC-0001/work-packages/GPC-0001A-05/05-Scalability-Assessment.md,repository,@genesis-runtime,Artifact content review,Verified,2026-07-29,Defines scalability assumptions and risk posture
GPE-0043,A-05 evidence manifest artifact,GPC-0001A-05,genesis/audits/GPC-0001/work-packages/GPC-0001A-05/06-Evidence.json,repository,@genesis-docs,Manifest and citation review,Verified,2026-07-29,Provides traceable A-05 certification decision evidence
GPE-0044,In-repo GOP metrics and derived event duration evidence,GPC-0001A-03;GPC-0001A-05,src/lib/gop/events-api.ts and src/app/api/gop/metrics/route.ts,repository,@genesis-runtime,Code path and metric payload review,Verified,2026-07-29,Provides bounded in-repo API performance signal model
GPE-0045,In-repo queue latency and lease utilization evidence,GPC-0001A-03;GPC-0001A-05,src/platform/gop/runtime/queue-manager.ts and docs/gop/gop-0006-runtime-fabric.md,repository,@genesis-runtime,Runtime metric model review,Verified,2026-07-29,Provides queue performance and throughput observability basis
GPE-0046,In-repo worker capacity and load balancing evidence,GPC-0001A-03;GPC-0001A-05,src/platform/gop/runtime/worker-registry.ts and src/components/gop/gop-operations-center.tsx,repository,@genesis-runtime,Capacity logic and UI signal review,Verified,2026-07-29,Provides worker throughput and saturation signal basis
GPE-0047,External production APM telemetry evidence,GPC-0001A-05,Production APM platform dashboards and SLI/SLO records,external,@genesis-runtime,Collect dashboard exports and SLI/SLO definition records,Pending,,Cannot unconditionally certify production latency and throughput attainment
GPE-0048,External cloud infrastructure utilization metrics evidence,GPC-0001A-05,Cloud provider compute memory network utilization dashboards,external,@genesis-runtime,Collect host and service utilization records for certification window,Pending,,Cannot unconditionally certify capacity headroom and scaling behavior
GPE-0049,External managed database performance analytics evidence,GPC-0001A-05,Managed database analytics and query-performance reports,external,@genesis-runtime,Collect DB performance reports and capacity trend analysis,Pending,,Cannot unconditionally certify database performance limits and contention posture
GPE-0050,External load test execution evidence,GPC-0001A-05,Load testing platform execution logs and reports,external,@genesis-build,Collect reproducible load test run records with timestamps and parameters,Pending,,Cannot unconditionally certify expected workload handling under measured load
GPE-0051,External stress test execution evidence,GPC-0001A-05,Stress testing platform execution logs and failure-threshold reports,external,@genesis-build,Collect stress run records and threshold breach analysis,Pending,,Cannot unconditionally certify behavior near saturation limits
GPE-0052,External soak test execution evidence,GPC-0001A-05,Long-duration soak test telemetry and stability reports,external,@genesis-runtime,Collect soak run telemetry and degradation analysis records,Pending,,Cannot unconditionally certify long-duration stability and leak-free operation
GPE-0053,External production performance acceptance sign-off evidence,GPC-0001A-05,Release authority and performance acceptance approvals,external,@genesis-engineering-lead,Collect signed performance go/no-go decisions and risk acceptance,Pending,,Cannot unconditionally certify final production performance acceptance
GPE-0054,A-06 security architecture artifact,GPC-0001A-06,genesis/audits/GPC-0001/work-packages/GPC-0001A-06/01-Security-Architecture.md,repository,@genesis-security,Artifact content review,Verified,2026-07-29,Defines current security boundaries assumptions and production risks
GPE-0055,A-06 secrets management artifact,GPC-0001A-06,genesis/audits/GPC-0001/work-packages/GPC-0001A-06/02-Secrets-Management.md,repository,@genesis-security,Artifact content review,Verified,2026-07-29,Defines secret inventory ownership and lifecycle posture
GPE-0056,A-06 access control and IAM artifact,GPC-0001A-06,genesis/audits/GPC-0001/work-packages/GPC-0001A-06/03-Access-Control-and-IAM.md,repository,@genesis-security,Artifact content review,Verified,2026-07-29,Defines least-privilege and access-governance boundary model
GPE-0057,A-06 security operations artifact,GPC-0001A-06,genesis/audits/GPC-0001/work-packages/GPC-0001A-06/04-Security-Operations.md,repository,@genesis-security,Artifact content review,Verified,2026-07-29,Defines auditability incident and vulnerability-process posture
GPE-0058,A-06 security certification checklist artifact,GPC-0001A-06,genesis/audits/GPC-0001/work-packages/GPC-0001A-06/05-Security-Certification-Checklist.md,repository,@genesis-docs,Artifact content review,Verified,2026-07-29,Defines validation checks scope discipline and certification recommendation
GPE-0059,A-06 evidence manifest artifact,GPC-0001A-06,genesis/audits/GPC-0001/work-packages/GPC-0001A-06/06-Evidence.json,repository,@genesis-docs,Manifest and citation review,Verified,2026-07-29,Provides traceable A-06 certification decision evidence
GPE-0060,In-repo GLW secret and session control evidence,GPC-0001A-06,src/lib/glw/auth.ts and src/lib/glw/page-generation-api.ts and src/lib/glw/n8n.ts,repository,@genesis-runtime,Code path and control review,Verified,2026-07-29,Provides objective proof of session secret callback and webhook credential controls
GPE-0061,In-repo GOP authorization and least-privilege policy evidence,GPC-0001A-06,src/platform/gop/auth/authorization.ts and src/platform/gop/auth/resolver.ts and src/platform/gop/auth/policies.ts,repository,@genesis-runtime,Authorization policy and resolver review,Verified,2026-07-29,Provides objective proof of role workspace ownership and default-deny controls
GPE-0062,In-repo worker signed-token security boundary evidence,GPC-0001A-06,src/lib/gop/workers-api.ts and src/platform/gop/runtime/worker-token.ts,repository,@genesis-runtime,Worker protocol auth flow review,Verified,2026-07-29,Provides objective proof of signed worker-token verification and expiry controls
GPE-0063,In-repo operational security escalation and release governance evidence,GPC-0001A-03;GPC-0001A-04;GPC-0001A-06,genesis/audits/GPC-0001/work-packages/GPC-0001A-03/03-Incident-Response-Runbook.md and ENGINEERING_CONTACTS.md and genesis/constitution/gpm-0001/Genesis-Release-Train.md,repository,@genesis-engineering-lead,Governance and incident process review,Verified,2026-07-29,Provides objective escalation and release-gate governance baseline for security operations
GPE-0064,External enterprise secrets manager and rotation evidence,GPC-0001A-06,Enterprise secrets manager inventory access logs and rotation records,external,@genesis-security,Collect vault inventory export role mapping and rotation history,Pending,,Cannot unconditionally certify enterprise secret custody rotation and revocation controls
GPE-0065,External cloud IAM and service-account governance evidence,GPC-0001A-06,Cloud IAM policies service-account inventories and access-review records,external,@genesis-security,Collect IAM policy snapshots service-account mappings and periodic access reviews,Pending,,Cannot unconditionally certify infrastructure access governance and least-privilege enforcement
GPE-0066,External KMS and certificate lifecycle evidence,GPC-0001A-06,KMS key policies key-rotation records and TLS certificate management records,external,@genesis-security,Collect key-policy exports rotation history and certificate renewal evidence,Pending,,Cannot unconditionally certify cryptographic governance and certificate lifecycle controls
GPE-0067,External network perimeter security evidence,GPC-0001A-06,Firewall WAF and network ACL configuration and change records,external,@genesis-security,Collect perimeter policy exports and approved change history for certification window,Pending,,Cannot unconditionally certify network access controls and perimeter enforcement
GPE-0068,External endpoint and host protection evidence,GPC-0001A-06,Endpoint protection posture host hardening baselines and EDR alerts,external,@genesis-security,Collect endpoint compliance reports and host-hardening attestations,Pending,,Cannot unconditionally certify endpoint protection and host hardening posture
GPE-0069,External production security audit logging and SIEM retention evidence,GPC-0001A-06,SIEM ingestion dashboards retention policies and immutable log storage records,external,@genesis-security,Collect SIEM coverage retention policy and immutable storage evidence,Pending,,Cannot unconditionally certify end-to-end security event retention and auditability controls
GPE-0070,External vulnerability scanning and CVE triage evidence,GPC-0001A-06,Vulnerability scanner reports CVE triage records and remediation tracking,external,@genesis-security,Collect scan reports triage queue and remediation SLA evidence,Pending,,Cannot unconditionally certify vulnerability management effectiveness
GPE-0071,External security patch management policy and SLA evidence,GPC-0001A-06,Patch governance policy emergency patch workflow and SLA attestation records,external,@genesis-build,Collect patch policy artifacts and completed patch-cycle evidence,Pending,,Cannot unconditionally certify security patch governance and response timelines
GPE-0072,External identity provider and privileged access governance evidence,GPC-0001A-06,IdP configuration MFA policy privileged role approval and JIT access logs,external,@genesis-security,Collect IdP policy exports privileged access approvals and MFA enforcement evidence,Pending,,Cannot unconditionally certify administrative identity governance and privileged access controls
GPE-0073,External production penetration test and security assessment evidence,GPC-0001A-06,Penetration test reports security assessment findings and closure attestations,external,@genesis-security,Collect latest assessment report findings disposition and closure evidence,Pending,,Cannot unconditionally certify external attack-surface assurance and remediation closure